{
    "data": {
        "name": "ExplorerRobot",
        "version": "1.0.0",
        "dev": "0xGeN0",
        "author": "Hugo, Jaqueline, Carlos, Mateo",
        "description": "Robot autonomo que navega por un entorno con obstaculos y recuerda el recorrido",
        "status": "In development",
        "license": "MIT"
    },
    "explore": {
        "recorrido": {
            "0": {
                "posicion": {
                    "x": 0,
                    "y": 0,
                    "theta": 90
                },
                "matriz": [
                    [
                        "Undefined",
                        1,
                        "Undefined"
                    ],
                    [
                        1,
                        "ExplorerRobot",
                        0
                    ],
                    [
                        "Undefined",
                        0,
                        "Undefined"
                    ]
                ]
            },
            "1": {
                "posicion": {
                    "x": -2.2,
                    "y": 157.4,
                    "theta": 0.5
                },
                "matriz": [
                    [
                        "Undefined",
                        1,
                        "Undefined"
                    ],
                    [
                        "Not explored",
                        "ExplorerRobot",
                        0
                    ],
                    [
                        "Undefined",
                        0,
                        "Undefined"
                    ]
                ]
            },
            "2": {
                "posicion": {
                    "x": 67.7,
                    "y": 159.6,
                    "theta": 269.9
                },
                "matriz": [
                    [
                        "Undefined",
                        1,
                        "Undefined"
                    ],
                    [
                        1,
                        "ExplorerRobot",
                        0
                    ],
                    [
                        "Undefined",
                        0,
                        "Undefined"
                    ]
                ]
            },
            "3": {
                "posicion": {
                    "x": 68.3,
                    "y": 48.3,
                    "theta": 180.3
                },
                "matriz": [
                    [
                        "Undefined",
                        1,
                        "Undefined"
                    ],
                    [
                        1,
                        "ExplorerRobot",
                        1
                    ],
                    [
                        "Undefined",
                        0,
                        "Undefined"
                    ]
                ]
            },
            "4": {
                "posicion": {
                    "x": 0.2,
                    "y": 45.8,
                    "theta": 90.7
                },
                "matriz": [
                    [
                        "Undefined",
                        "Undefined",
                        "Undefined"
                    ],
                    [
                        "Undefined",
                        "ExplorerRobot",
                        "Undefined"
                    ],
                    [
                        "Undefined",
                        0,
                        "Undefined"
                    ]
                ]
            }
        }
    }
}